id|name|email|state|zipcode|birthday
4877|Stone Dominguez|ligula.Aliquam.erat@semperegestasurna.com|IA|05938|Feb 27, 1963
3572|Davis Walters|euismod@sit.edu|PA|67102|Mar 21, 1941
201|Dillon Blankenship|neque.Nullam@Namac.com|KY|84767|Jun 20, 1936
9843|Knox Weber|nunc.sit.amet@lacusQuisquepurus.org|TX|65395|Dec 12, 1997
6013|Yasir Willis|convallis.est.vitae@lobortisauguescelerisque.ca|DE|51331|Aug 17, 1910
9131|Elvis Cain|eleifend.nec.malesuada@in.edu|NV|19575|Oct 12, 1989
5509|Maxwell Ellis|urna@ut.org|RI|97417|Jun 6, 1951
8200|Damon Kelley|tincidunt@rutrumFuscedolor.ca|NJ|52718|Sep 16, 1930
4652|Harper Sheppard|nulla.vulputate.dui@tristiqueac.org|DE|99667|Jun 27, 1981
8749|Brett Ross|egestas@doloregestasrhoncus.org|NE|81365|Jun 15, 1997
8156|Ira Herrera|mollis.nec@DonecegestasAliquam.com|IL|22800|Apr 16, 1975
9891|Ross Griffin|viverra@viverraDonec.edu|WA|02660|Feb 17, 1973
1433|Alan Moon|elit@temporarcuVestibulum.edu|KS|56366|Jun 2, 1954
1679|Zane Myers|orci.quis.lectus@risus.org|FL|47158|Jan 10, 1922
1993|Cadman Carey|Quisque@Integertinciduntaliquam.edu|MO|17378|Jan 29, 1959
3812|Guy Pitts|congue.In.scelerisque@seddolorFusce.ca|SD|52934|Apr 25, 1973
546|John Hopper|nisl.sem.consequat@eunulla.org|VA|63656|Dec 29, 1987
444|Dean Nixon|rutrum.Fusce.dolor@nulla.ca|HI|40790|Apr 26, 1941
3078|Ezra Abbott|metus.Aliquam@tincidunt.ca|CA|37908|Aug 24, 1949
2499|Perry Mcmahon|Maecenas@nec.edu|CA|37908|Sep 10, 1974
8927|Isaiah Chaney|nascetur.ridiculus.mus@Proinsed.org|NJ|39222|Dec 25, 1926
9847|Reese Kent|vitae.nibh.Donec@ultricesiaculis.org|DC|42401|Jul 13, 1916
9667|Dalton Vaughan|in.aliquet@acrisus.com|MN|47866|Nov 18, 2001
7012|Boris Mejia|nec.tempus.mauris@semperegestasurna.ca|MA|68488|Jun 21, 1937
7348|Perry Hurst|posuere.cubilia@pedeblanditcongue.org|IA|03770|Jul 11, 1928
8328|Elmo Slater|id.erat@risus.com|NC|53931|Nov 7, 1956
7169|Samson Malone|metus.Aenean.sed@Cras.ca|OK|04602|Mar 11, 1921
147|Thane Steele|ipsum@sodalespurus.ca|IN|65772|May 27, 1973
5621|Ferris Curry|mus@dictumeueleifend.com|NH|08438|Nov 2, 2004
3349|Chandler Tillman|non.enim@nibhAliquam.ca|WI|53379|Nov 12, 1969
6754|Abbot Cain|purus@Vivamus.com|MS|35718|Sep 28, 1920
9891|Barry Gould|convallis.est@Crassed.com|IL|62759|Aug 20, 1921
7425|Malik Dyer|aliquet.nec@rutrumFuscedolor.com|AZ|53943|Apr 20, 1941
500|Reese Soto|odio.a@dolor.org|GA|46843|Jul 10, 1910
5445|Martin Williamson|vel.venenatis@gravida.org|NE|87717|Feb 18, 1984
5359|Abel Ellison|Nunc.mauris.Morbi@Donec.com|CO|79315|Nov 23, 1932
504|Benjamin Atkins|eget.odio.Aliquam@Nullamlobortisquam.org|OR|43618|Feb 2, 1988
6403|Herrod Stewart|fringilla.ornare.placerat@liberoInteger.ca|ND|67618|Oct 27, 2002
7434|Cadman Kemp|a.enim.Suspendisse@seddolorFusce.ca|MS|86472|Aug 8, 1983
9522|Kenneth Coffey|dictum.eu@fringillaest.ca|WY|75652|Apr 4, 1947
7751|Armand Castillo|et.nunc.Quisque@eratvitae.com|NC|26955|Sep 16, 1976
5032|Nigel Clarke|adipiscing.ligula.Aenean@neceleifend.com|MS|06634|Dec 6, 1980
6931|Jack Glover|eros.turpis@accumsan.ca|ID|81646|Mar 11, 1954
3278|Kenyon Fulton|aliquam.eros@velmaurisInteger.org|VT|56093|Sep 10, 1935
5021|Eagan Weaver|interdum.Sed@apurusDuis.org|DC|21994|Nov 21, 1944
5509|Cullen Burch|erat.Sed.nunc@ac.ca|CA|70505|Apr 4, 1931
8212|Amal Clark|laoreet@nequetellus.edu|DC|35370|May 31, 1947
6085|Tarik Raymond|ut.pharetra.sed@semper.edu|CO|17865|Feb 18, 1978
9417|Reese Sloan|tempor.bibendum.Donec@enimnonnisi.org|LA|88695|Apr 16, 1976
5676|Martin Cunningham|nunc.interdum@etmagnaPraesent.ca|DC|92652|Jun 9, 1928
4326|Ferris Charles|ut.sem.Nulla@Suspendisse.org|RI|60316|Feb 21, 1977
44|George Chen|sollicitudin.adipiscing.ligula@idsapienCras.com|DE|42966|Jul 5, 1954
2782|Samson Lucas|ipsum.non@lacus.ca|DE|42966|Apr 12, 1995
1313|Drew Livingston|quis.diam@nibh.edu|SC|02375|Jul 6, 1963
1688|Dale Baird|Duis@rhoncus.org|MS|24305|Jul 6, 1988
6346|Kadeem Alvarez|arcu.Vestibulum.ante@ipsumnuncid.org|KS|68210|Sep 3, 1951
4982|Christopher Gallagher|eget.dictum.placerat@Utsagittis.org|DC|50916|Mar 28, 1970
5413|Calvin Gibson|sit@ipsum.com|SD|65270|Jun 28, 1962
4444|Austin Small|Sed.nulla.ante@lectus.org|AL|03469|Jul 25, 1931
6096|Zane Cook|diam.eu.dolor@malesuadautsem.edu|IA|84499|Feb 11, 1918
5745|Reuben Middleton|ut@In.edu|MN|85871|Aug 13, 1944
8221|Xanthus Talley|eu@est.com|KS|83179|Dec 27, 2001
9269|Fletcher Banks|sed@ultricesposuerecubilia.ca|WV|42460|Oct 27, 1944
4616|Josiah Bullock|convallis.erat@dis.ca|AK|49438|Mar 24, 1981
8482|Fritz Ware|lacus@non.edu|NH|83387|May 24, 1996
8638|Yoshio Cotton|risus.In@quismassaMauris.com|OK|66055|Dec 23, 1981
3925|Hoyt Roach|sociis.natoque@placerategetvenenatis.edu|PA|07986|Aug 30, 1982
8854|Arthur Buckner|nunc@Maecenasiaculis.org|OK|30894|Aug 5, 1988
3200|Maxwell Blair|sapien.cursus.in@interdumCurabiturdictum.com|IA|01260|Dec 30, 1982
3329|Reese Bridges|metus@ullamcorpereu.edu|MT|51304|Oct 13, 2000
472|Brennan Herrera|in.dolor@semelit.com|TN|96099|Feb 10, 1970
8633|Armando Donovan|enim@iaculis.edu|MS|61601|Oct 9, 1947
8084|Ian Rutledge|mollis.Integer.tincidunt@odiosempercursus.ca|CT|74873|Aug 24, 1919
8881|Wesley Marquez|Praesent.eu@apurusDuis.org|NM|77395|Jan 6, 1938
7929|Nolan Grimes|est.ac.mattis@euplacerat.org|UT|34063|Feb 24, 2004
524|Dante Rich|Sed@scelerisque.org|IA|04362|Feb 11, 1935
1258|Addison Boyle|a.purus@ametdiameu.com|MO|97337|Feb 19, 1953
6443|Avram Wilkerson|Morbi.sit.amet@necluctusfelis.org|WA|33355|Apr 10, 1936
3453|Mason Burnett|dapibus.rutrum.justo@tempordiam.edu|WI|62348|Dec 21, 1911
4123|Graham Mcmillan|posuere.cubilia.Curae;@Aenean.edu|CA|43196|Dec 12, 1942
7926|Baker Joyce|odio.vel@scelerisqueneque.com|MI|67541|Sep 14, 1987
9266|Baxter Spencer|lorem@dis.com|FL|59727|Mar 30, 1935
7856|Mohammad Buchanan|lectus@atiaculis.org|VA|62881|Aug 24, 1920
9554|Marsden Gibson|fringilla@risusvarius.edu|MT|58726|Aug 28, 2004
4710|Geoffrey Sweeney|et.commodo.at@disparturient.ca|IL|57267|Jul 17, 1960
9164|Aidan Stephens|dignissim.magna.a@vulputate.edu|MS|31006|Dec 19, 1955
4027|Tobias Hickman|in@DonecegestasAliquam.org|TN|67837|Feb 19, 1930
9040|Channing Juarez|sed.dolor@Quisque.ca|OH|85359|Oct 26, 1942
2635|Tyrone Delgado|Nam.nulla.magna@nislMaecenas.org|VT|64633|Jan 25, 1928
8255|Tanek Whitney|Nulla@lectuspedeultrices.ca|IA|80272|Jan 1, 1979
1649|Abdul Whitehead|ligula@faucibusorci.edu|WV|46374|Nov 4, 1985
1901|Perry Santos|molestie.arcu@molestie.ca|RI|72404|Jan 2, 1936
4355|Aaron Hogan|Morbi.metus.Vivamus@nec.com|FL|82534|Sep 28, 1964
2694|Callum Roberts|libero.at.auctor@pede.edu|AK|27861|Aug 22, 1966
8723|Benjamin Velez|luctus@nislQuisquefringilla.com|TN|07640|Nov 16, 1956
8275|Colt Saunders|litora@mauriselit.com|OR|48267|Aug 19, 1927
3331|Jin Woodard|interdum.Sed@sapienNunc.com|PA|50758|Oct 21, 1933
157|Evan Whitfield|pellentesque@porttitor.org|DC|03587|Aug 24, 1960
981|Ralph Fleming|pede.ultrices@temporerat.edu|OH|79059|Jun 22, 1958
4364|Jermaine Durham|ornare@elitsedconsequat.ca|WI|32603|Aug 24, 1962
4805|Elton Walters|tempus.lorem.fringilla@malesuadafamesac.com|WI|95699|Sep 18, 1998
1450|Calvin Church|sit.amet.consectetuer@tempusnonlacinia.ca|NY|91336|Jul 14, 1957
6683|Daniel Jackson|at@Nulla.edu|OR|23815|Feb 26, 1914
77|Fritz Gillespie|libero@tellusimperdietnon.ca|MO|66132|Aug 8, 1943
4396|Ryder Miller|turpis.vitae@Aenean.ca|CA|42392|Apr 16, 1934
7093|Emmanuel Estes|mi@felis.ca|NE|19844|Feb 27, 1974
7062|Barrett Thomas|egestas.urna.justo@vitaediam.com|SC|02939|Jan 1, 1977
2770|Kermit Webb|sagittis.augue@aliquetProinvelit.com|ND|67004|Dec 20, 1919
889|Xanthus Gates|euismod.urna@leo.edu|WY|28511|Nov 4, 1937
1126|Bruce Potter|Cras.convallis.convallis@mus.org|AK|78429|Sep 15, 1961
4159|Kermit Hunter|sociis.natoque.penatibus@antedictum.org|LA|26037|Aug 5, 1914
2360|Bevis Phillips|diam@mi.com|WA|87371|Jul 20, 1948
8929|Craig Wiggins|penatibus.et@Proinnislsem.edu|AK|62644|Jan 19, 1988
7516|Chadwick Pruitt|sem.consequat.nec@placerataugueSed.edu|AZ|86705|Jul 16, 1959
69|Zeph Black|pede.et.risus@ipsum.ca|MN|76013|Feb 16, 1969
2536|Uriel Haney|natoque.penatibus@magnanec.org|WA|54504|Oct 19, 1979
5471|Brendan Burks|Curabitur.ut@MorbimetusVivamus.ca|TN|40882|Jul 4, 2001
7322|Daniel Robertson|commodo.at@magnaa.ca|CO|51496|Apr 17, 1947
5594|Beck Callahan|commodo.ipsum.Suspendisse@ametluctus.ca|MN|43170|Aug 26, 1947
4036|Julian Hill|ipsum@sagittissemper.edu|CA|29695|Mar 14, 1990
7314|Avram Knapp|ut.eros.non@purusDuis.edu|WA|28222|Feb 29, 1948
8182|Nathan May|vel.turpis.Aliquam@felisadipiscingfringilla.com|HI|12469|Apr 7, 1918
5659|Chaim Monroe|Nullam@Mauris.org|SD|69097|Mar 21, 1953
7441|Jordan Massey|nec.mollis.vitae@egestasrhoncus.com|CA|32328|Aug 8, 1983
5030|Trevor Wilder|adipiscing@convallis.ca|SC|74441|Dec 22, 1950
160|Alexander Brock|dictum@arcuVestibulum.org|CT|36221|Sep 27, 2002
1497|Chase Farmer|pede@necimperdietnec.edu|IN|69289|Oct 13, 1923
3246|Wang Dillon|justo.eu.arcu@estacmattis.com|KS|06018|Apr 22, 1983
2502|Holmes Woodard|quam.a@Donecdignissimmagna.org|MI|48131|Feb 26, 1981
1306|Louis Woods|tellus.justo|WA|67149|Feb 3, 2005
5772|Hamish Mack|scelerisque.neque.Nullam@commodo.ca|PA|50662|May 6, 1944
2931|Mark Montgomery|a.enim.Suspendisse@telluslorem.edu|DC|88184|Mar 22, 1940
5458|Harding Hatfield|vestibulum.lorem.sit@luctusaliquetodio.com|UT|96619|Jun 6, 1983
3131|Prescott Stewart|litora.torquent@enimEtiamgravida.com|MS|33288|Feb 24, 1944
6344|Cody Salas|Curabitur@turpisIn.edu|NM|23126|Dec 13, 1969
9069|Byron Bryan|sed@facilisismagna.com|TX|11507|Nov 22, 1926
7351|Sebastian Bishop|risus.varius.orci@necleoMorbi.edu|MS|81640|Mar 28, 1999
7663|Kenyon Clemons|fermentum.fermentum@fermentumvelmauris.edu|OK|81269|Nov 10, 1944
1393|Merrill Schultz|192.168.1.1@localhost|RI|85283|Nov 19, 1974
8418|Armand Wilder|non@diamdictumsapien.org|NH|76068|Sep 22, 1984
6898|Hyatt Hale|tincidunt@dolorDonecfringilla.edu|WV|51880|Apr 14, 1928
8703|Sean Bernard|tortor.dictum.eu@inceptos.com|NH|26703|Oct 24, 1972
2226|Hakeem Leach|Cras.vehicula@Curabituregestas.com|NV|72771|Aug 20, 2001
6400|Quinlan Sparks|dolor.sit@luctus.org|SC|46888|May 28, 1943
2713|Ferris Glover|adipiscing.elit.Curabitur@orciPhasellusdapibus.org|LA|67973|Oct 28, 1943
7744|Magee Sanford|consectetuer.adipiscing.elit@etmagnis.org|MN|09892|Aug 22, 1943
2312|Demetrius Warner|Maecenas@dui.org|WI|70918|Aug 22, 1977
6255|Vernon Mcdonald|euismod.enim@Aliquamauctorvelit.ca|AZ|09021|Mar 6, 1948
2825|Cullen Haney|posuere.at@ipsum.edu|ID|21017|Mar 16, 1978
117|Nero Cherry|faucibus.id@enim.org|GA|16028|Oct 11, 1995
2652|Luke Glass|eleifend.egestas@orci.edu|MO|67437|Apr 25, 1964
1906|Kareem Floyd|tincidunt.congue.turpis@loremvehiculaet.ca|MA|02395|Jul 29, 1960
9537|Deacon Ayers|ac+facilisis.facilisis@utaliquamiaculis.edu|MA|16198|Nov 28, 1949
6654|Colton Oliver|eu.accumsan@a.com|MA|66416|Apr 28, 1989
7178|Clark Harding|et@Suspendisse.com|MA|02599|Jul 27, 1927
7370|Logan Fitzpatrick|felis.eget.varius@Pellentesquetincidunt.edu|WV|62029|May 31, 1989
3024|Laith Farmer|ultrices@Donectempuslorem.edu|SD|07294|Oct 10, 1940
9273|Dane Estes|scelerisque.neque.sed@nislelementum.ca|KY|59653|Feb 20, 1938
2340|Rooney Massey|at@tellus.com|MN|29368|Jul 22, 1915
6235|William Meadows|sit.amet@Aliquamornare.co.uk|MT|53985*1234|Dec 21, 1947
8153|Galvin Mitchell|massa@orcilacusvestibulum.edu|NH|54930|Feb 15, 1932
9477|Yasir Lindsey|magna.Praesent@condimentumegetvolutpat.edu|NE|87445|May 12, 1993
8026|Arthur Tate|elit.Curabitur@lectusrutrum.org|NY|07417|Aug 4, 1934
9026|James Dean|deenish.mess@bleeh.net|NY|10016|Aug 4, 1934
4430|Macaulay Clements|sit@semperNam.edu|ID|01359|Feb 14, 1967
3822|Hilel Hardin|gravida.non@maurisutmi.org|ND|45819|Jan 29, 1959
4703|Erasmus Abbott|feugiat.tellus.lorem@vel.edu|UT|01605|May 14, 1914
1042|Grady Valenzuela|mauris@metusfacilisislorem.ca|WV|42547-1234|Jun 17, 1930
8838|Hector Patton|non.hendrerit.id@amifringilla.com|MO|6551623|May 9, 1922
9231|Beau Reese|vestibulum@nonenim.ca|WY|20809|Jun 25, 1926
3037|Perry Orr|quis.massa.Mauris@rhoncusNullam.ca|LA|93752|Mar 14, 1949
8480|Dillon Kent|In.at.pede@Nullasemper.ca|FL|20123|May 12, 1930
9122|Walker Cunningham|enim.diam@Maurisut.ca|MD|75204|Jul 22, 1943
5334|Kane Ewing|nonummy.ut@sagittis.com|GA|24953|Jul 27, 1989
8934|Quinlan Newton|velit@Integervitaenibh.org|RI|30586|Mar 16, 1941
1336|Benjamin Wiley|nibh.Donec@dui.com|ME|83112|Aug 21, 1914
9412|Rahim Mcgee|Donec@pedeacurna.org|NH|61722|Jul 9, 1941
8031|Daniel Mcintosh|scelerisque.neque.Nullam@Aliquamornare.ca|RI|10749|Jun 15, 1921
4975|Zeph Dunlap|in@turpis.com|TN|93221|Jul 27, 1943
5207|Reuben Barton|sem.vitae.aliquam@velitAliquam.ca|GA|29424|Jun 28, 1949
4482|Ian Owens|id@lobortismauris.org|AL|37742|Sep 15, 1998
5834|Hoyt Carney|Quisque.imperdiet.erat@Aeneanegetmagna.edu|CO|01456|Aug 14, 1926
9571|Damon Robinson|sem.magna.nec@ornare.org|OK|46462|Oct 5, 1958
8954|Reuben Wheeler|dis.parturient@montes@pharetraNam.ca|KS|44304|Mar 23, 2001
6528|Slade Campos|Donec@imperdietullamcorper.ca|KS|94913|Apr 28, 1928
7531|Cadman Barrera|Sed.nec@nonenimMauris.edu|OR|13660|Apr 23, 1971
5003|Palmer Guerra|ligula.Aenean@vitaesodales.org|MD|86614|Nov 11, 1955
8533|Colorado Sexton|Lorem.ipsum@nisinibhlacinia.org|WI|38543|Oct 28, 1949
2959|Quamar Austin|Praesent.eu@ascelerisque.org|HI|92531|May 15, 1993
8227|Callum Peters|sem.vitae.aliquam@vulputatemauris.edu|ND|59992|Sep 25, 1934
6949|Abbot Rowland|est.ac.mattis@magnaPhasellusdolor.org|ME|64972|Apr 8, 1946
1199|Holmes Beach|enim@nequevitae.org|AZ|08135|Feb 20, 1986
1318|Brock Guerrero|neque.tellus@rhoncusNullamvelit.com|NM|09720|Feb 5, 1922
2096|Emery Franks|ut@Aeneansedpede.ca|NM|49390|Jun 19, 1936
4776|Eaton Ortiz|erat.Sed@mauris.org|WY|95097|Feb 17, 1949
3663|Dante Swanson|odio@Craslorem.org|LA|25930|Jun 13, 1950
2835|Amir Lee|arcu.Aliquam@estmollis.edu|FL|78952|Nov 13, 1996
2048|Holmes Lowe|Integer@feugiatSednec|AZ|67070|Jul 30, 1918
589|Cullen Hodge|est@nondui.ca|AZ|67070|Nov 12, 1961
6007|Beau Little|lectus.pede@ut.ca|AZ|67070|Jun 25, 1977
5351|Eagan Sexton|quam@ornare.edu|IL|46072|Apr 23, 1975